Dataset	Horizon	Model	Training_time_s	Prediction_time_s	Total_time_s
Chennai	96	BLS	0.004516	0.000846	0.0053620000000000004
Chennai	96	Transformer	37.137583	0.134718	37.272301
Chennai	96	A-BLAST	0.226864	0.012082	0.23894600000000002
Chennai	192	BLS	0.003913	0.000817	0.00473
Chennai	192	Transformer	37.228267	0.002675	37.230942000000006
Chennai	192	A-BLAST	0.062865	0.006429	0.06929400000000001
Chennai	336	BLS	0.003808	0.000719	0.004527
Chennai	336	Transformer	34.383841	0.003221	34.387062
Chennai	336	A-BLAST	0.060613	0.007302	0.067915
Chennai	720	BLS	0.003653	0.000935	0.004588
Chennai	720	Transformer	30.327565	0.005695	30.33326
Chennai	720	A-BLAST	0.059687	0.009781	0.069468
Melbourne	96	BLS	0.059673	0.001098	0.060771
Melbourne	96	Transformer	273.683479	0.117844	273.80132299999997
Melbourne	96	A-BLAST	1.865923	0.008372	1.874295
Melbourne	192	BLS	0.013826	0.001012	0.014838
Melbourne	192	Transformer	292.64922	0.002871	292.65209100000004
Melbourne	192	A-BLAST	2.296381	0.010162	2.3065429999999996
Melbourne	336	BLS	0.013994	0.001106	0.015099999999999999
Melbourne	336	Transformer	287.648005	0.003566	287.651571
Melbourne	336	A-BLAST	1.790706	0.011938	1.802644
Melbourne	720	BLS	0.019435	0.001133	0.020568
Melbourne	720	Transformer	281.483567	0.005647	281.489214
Melbourne	720	A-BLAST	1.705334	0.017406	1.72274
