Dataset	Horizon	Model	MSE	MAE
Chennai	96	BLS	0.014377	0.092613
Chennai	96	Transformer	0.498171	0.532082
Chennai	96	A-BLAST	0.004713	0.055749
Chennai	192	BLS	0.00885	0.070753
Chennai	192	Transformer	0.265223	0.42988
Chennai	192	A-BLAST	0.003999	0.049609
Chennai	336	BLS	0.008868	0.078315
Chennai	336	Transformer	1.015506	0.945261
Chennai	336	A-BLAST	0.002798	0.041315
Chennai	720	BLS	0.310645	0.356607
Chennai	720	Transformer	0.721918	0.766143
Chennai	720	A-BLAST	0.344404	0.354969
Melbourne	96	BLS	0.189049	0.249903
Melbourne	96	Transformer	0.325389	0.441883
Melbourne	96	A-BLAST	0.161162	0.211342
Melbourne	192	BLS	0.102808	0.165724
Melbourne	192	Transformer	0.318732	0.470058
Melbourne	192	A-BLAST	0.085419	0.127067
Melbourne	336	BLS	0.06643	0.131858
Melbourne	336	Transformer	0.078865	0.20528
Melbourne	336	A-BLAST	0.05221	0.090801
Melbourne	720	BLS	0.069296	0.153116
Melbourne	720	Transformer	0.142234	0.297791
Melbourne	720	A-BLAST	0.058065	0.120547
